<?xml version="1.0" encoding="UTF-8"?>
<v2gci_d:V2G_Message xmlns:v2gci_b="urn:iso:15118:2:2016:MsgBody"
    xmlns:ns2="urn:iso:15118:2:2016:MsgDataTypes"
    xmlns:v2gci_h="urn:iso:15118:2:2016:MsgHeader"
    xmlns:xmlsig="http://www.w3.org/2000/09/xmldsig#"
    xmlns:v2gci_d="urn:iso:15118:2:2016:MsgDef">
    <v2gci_d:Header>
        <v2gci_h:SessionID>0000000000000010</v2gci_h:SessionID>
    </v2gci_d:Header>
    <v2gci_d:Body>
        <v2gci_b:SessionSetupRes>
            <v2gci_b:ResponseCode>OK</v2gci_b:ResponseCode>
            <v2gci_b:EVSEID>1234567</v2gci_b:EVSEID>
            <v2gci_b:EVSETimeStamp>123456789</v2gci_b:EVSETimeStamp>
        </v2gci_b:SessionSetupRes>
    </v2gci_d:Body>
</v2gci_d:V2G_Message>
